<?xml version="1.0"?>
<pagescount>
	<html_total>8</html_total>
	<html_done>4</html_done>
	<images>66</images>
	<script>6</script>
	<css>1</css>
	<pdf/>
	<documents/>
	<excel/>
	<powerpoint/>
	<flash/>
	<audios/>
	<videos/>
	<xml/>
	<json/>
	<txt/>
	<autocad/>
	<fonts>3</fonts>
	<scraping_reload>1</scraping_reload>
	<is_pretty_url>false</is_pretty_url>
	<is_ebn>false</is_ebn>
	<email>dmvfakes@proton.me</email>
	<theme_name>WmdTheme672054</theme_name>
	<server_url_front_page>https://www6.waybackmachinedownloader.com/wdo/files/demo/idgod.la_dmvfakes_proton.me_cze64xmzqd/</server_url_front_page>
	<no_www_url>idgod.la</no_www_url>
	<hosted_domain/>
	<original_archive_url>https://idgod.la</original_archive_url>
	<final_archive_url>https://idgod.la/</final_archive_url>
	<front_page_code_date/>
	<total_urls_from_api/>
	<max_reached_live>false</max_reached_live>
	<scrape_other_captures>false</scrape_other_captures>
	<total_size>24148</total_size>
</pagescount>
